{"cameraMode":{"drawMode":0,"name":"Shaded","section":"Shading Mode"},"sceneLighting":false,"audioPlay":false,"sceneViewState":{"showFog":false,"showMaterialUpdate":false,"showSkybox":false,"showFlares":false,"showImageEffects":false,"showParticleSystems":true},"in2DMode":false,"pivot":{"x":948.7716064453125,"y":273.3493347167969,"z":41.05999755859375},"rotation":{"x":0.006296928506344557,"y":-0.06264763325452805,"z":0.0003964796778745949,"w":0.9980200529098511},"size":22.0,"orthographic":false}