{"cameraMode":{"drawMode":0,"name":"Shaded","section":"Shading Mode"},"sceneLighting":false,"audioPlay":false,"sceneViewState":{"showFog":false,"showMaterialUpdate":false,"showSkybox":false,"showFlares":false,"showImageEffects":false,"showParticleSystems":true},"in2DMode":false,"pivot":{"x":314.90338134765627,"y":273.93463134765627,"z":4.3082275390625},"rotation":{"x":0.011396517977118492,"y":0.016498155891895295,"z":-0.0001877581380540505,"w":0.9998041987419128},"size":421.8249816894531,"orthographic":false}