{"cameraMode":{"drawMode":0,"name":"Shaded","section":"Shading Mode"},"sceneLighting":true,"audioPlay":false,"sceneViewState":{"showFog":false,"showMaterialUpdate":false,"showSkybox":false,"showFlares":false,"showImageEffects":false,"showParticleSystems":true},"in2DMode":false,"pivot":{"x":193.05621337890626,"y":277.12725830078127,"z":-17.0810546875},"rotation":{"x":0.0737362802028656,"y":-0.01315334439277649,"z":0.0009738982771523297,"w":0.9971942901611328},"size":762.1998291015625,"orthographic":false}