{"cameraMode":{"drawMode":0,"name":"Shaded","section":"Shading Mode"},"sceneLighting":false,"audioPlay":false,"sceneViewState":{"showFog":false,"showMaterialUpdate":false,"showSkybox":false,"showFlares":false,"showImageEffects":false,"showParticleSystems":true},"in2DMode":false,"pivot":{"x":242.31507873535157,"y":605.6514892578125,"z":57.791534423828128},"rotation":{"x":-0.03716982156038284,"y":0.025789767503738405,"z":0.0009607912506908178,"w":0.9989814162254334},"size":1244.6907958984375,"orthographic":false}