{"cameraMode":{"drawMode":0,"name":"Shaded","section":"Shading Mode"},"sceneLighting":true,"audioPlay":false,"sceneViewState":{"showFog":false,"showMaterialUpdate":false,"showSkybox":false,"showFlares":false,"showImageEffects":false,"showParticleSystems":true},"in2DMode":false,"pivot":{"x":587.3333740234375,"y":363.6171875,"z":-22.37744140625},"rotation":{"x":0.011396517977118492,"y":0.016498155891895295,"z":-0.0001877581380540505,"w":0.9998041987419128},"size":810.61767578125,"orthographic":false}