{"cameraMode":{"drawMode":0,"name":"Shaded","section":"Shading Mode"},"sceneLighting":true,"audioPlay":false,"sceneViewState":{"showFog":false,"showMaterialUpdate":false,"showSkybox":false,"showFlares":false,"showImageEffects":false,"showParticleSystems":true},"in2DMode":false,"pivot":{"x":76.60203552246094,"y":-1.9431381225585938,"z":16.193603515625},"rotation":{"x":0.05187050625681877,"y":-0.013481584377586842,"z":0.0007006006198935211,"w":0.9985678791999817},"size":282.7434387207031,"orthographic":false}