{"cameraMode":{"drawMode":0,"name":"Shaded","section":"Shading Mode"},"sceneLighting":true,"audioPlay":false,"sceneViewState":{"showFog":false,"showMaterialUpdate":false,"showSkybox":false,"showFlares":false,"showImageEffects":false,"showParticleSystems":true},"in2DMode":false,"pivot":{"x":512.4400634765625,"y":372.55975341796877,"z":6.95343017578125},"rotation":{"x":0.02279939316213131,"y":-0.02667984552681446,"z":0.0006096437573432922,"w":0.999389111995697},"size":1007.0633544921875,"orthographic":false}