{"cameraMode":{"drawMode":0,"name":"Shaded","section":"Shading Mode"},"sceneLighting":false,"audioPlay":false,"sceneViewState":{"showFog":false,"showMaterialUpdate":false,"showSkybox":false,"showFlares":false,"showImageEffects":false,"showParticleSystems":true},"in2DMode":false,"pivot":{"x":644.3058471679688,"y":312.1897888183594,"z":48.47576904296875},"rotation":{"x":0.013802274130284787,"y":-0.03118184208869934,"z":0.00043198111234232783,"w":0.9994229674339294},"size":22.0,"orthographic":false}