{"cameraMode":{"drawMode":0,"name":"Shaded","section":"Shading Mode"},"sceneLighting":true,"audioPlay":false,"sceneViewState":{"showFog":false,"showMaterialUpdate":false,"showSkybox":false,"showFlares":false,"showImageEffects":false,"showParticleSystems":true},"in2DMode":false,"pivot":{"x":463.1287536621094,"y":372.59222412109377,"z":-3.5997314453125},"rotation":{"x":0.05187050625681877,"y":-0.013481584377586842,"z":0.0007006006198935211,"w":0.9985678791999817},"size":1068.7569580078125,"orthographic":false}