{"cameraMode":{"drawMode":0,"name":"Shaded","section":"Shading Mode"},"sceneLighting":false,"audioPlay":false,"sceneViewState":{"showFog":false,"showMaterialUpdate":false,"showSkybox":false,"showFlares":false,"showImageEffects":false,"showParticleSystems":true},"in2DMode":false,"pivot":{"x":648.5087280273438,"y":318.53125,"z":-0.0630645751953125},"rotation":{"x":0.08121993392705918,"y":-0.0026806017849594356,"z":0.00021872521028853953,"w":0.9966952204704285},"size":389.3482971191406,"orthographic":false}