{"cameraMode":{"drawMode":0,"name":"Shaded","section":"Shading Mode"},"sceneLighting":true,"audioPlay":false,"sceneViewState":{"showFog":false,"showMaterialUpdate":false,"showSkybox":false,"showFlares":false,"showImageEffects":false,"showParticleSystems":true},"in2DMode":false,"pivot":{"x":653.6748046875,"y":283.1332092285156,"z":9.53564453125},"rotation":{"x":0.022798452526330949,"y":-0.028178898617625238,"z":0.0006438421551138163,"w":0.999347984790802},"size":813.6439208984375,"orthographic":false}