{"cameraMode":{"drawMode":0,"name":"Shaded","section":"Shading Mode"},"sceneLighting":true,"audioPlay":false,"sceneViewState":{"showFog":false,"showMaterialUpdate":false,"showSkybox":false,"showFlares":false,"showImageEffects":false,"showParticleSystems":true},"in2DMode":false,"pivot":{"x":624.2094116210938,"y":328.0150451660156,"z":-24.40594482421875},"rotation":{"x":0.011396517977118492,"y":0.016498155891895295,"z":-0.0001877581380540505,"w":0.9998041987419128},"size":888.810791015625,"orthographic":false}