{"cameraMode":{"drawMode":0,"name":"Shaded","section":"Shading Mode"},"sceneLighting":true,"audioPlay":false,"sceneViewState":{"showFog":false,"showMaterialUpdate":false,"showSkybox":false,"showFlares":false,"showImageEffects":false,"showParticleSystems":true},"in2DMode":false,"pivot":{"x":2.5842409133911135,"y":1.2105672359466553,"z":1.5780388116836548},"rotation":{"x":0.10882846266031265,"y":0.5256152749061585,"z":0.06801767647266388,"w":-0.8409880995750427},"size":6.477227687835693,"orthographic":false}