{"cameraMode":{"drawMode":0,"name":"Shaded","section":"Shading Mode"},"sceneLighting":true,"audioPlay":false,"sceneViewState":{"showFog":false,"showMaterialUpdate":false,"showSkybox":false,"showFlares":false,"showImageEffects":false,"showParticleSystems":true},"in2DMode":false,"pivot":{"x":610.6117553710938,"y":290.8329162597656,"z":8.4639892578125},"rotation":{"x":0.02279939316213131,"y":-0.02667984552681446,"z":0.0006096437573432922,"w":0.999389111995697},"size":805.4342041015625,"orthographic":false}