{"cameraMode":{"drawMode":0,"name":"Shaded","section":"Shading Mode"},"sceneLighting":false,"audioPlay":false,"sceneViewState":{"showFog":false,"showMaterialUpdate":false,"showSkybox":false,"showFlares":false,"showImageEffects":false,"showParticleSystems":true},"in2DMode":false,"pivot":{"x":270.8519287109375,"y":719.4241333007813,"z":16.68280029296875},"rotation":{"x":0.05636851117014885,"y":-0.0029954041820019485,"z":0.00016958419291768223,"w":0.9984130859375},"size":759.8555297851563,"orthographic":false}