{"cameraMode":{"drawMode":0,"name":"Shaded","section":"Shading Mode"},"sceneLighting":true,"audioPlay":false,"sceneViewState":{"showFog":false,"showMaterialUpdate":false,"showSkybox":false,"showFlares":false,"showImageEffects":false,"showParticleSystems":true},"in2DMode":false,"pivot":{"x":647.4913940429688,"y":268.7891845703125,"z":-6.3302001953125},"rotation":{"x":0.0737362802028656,"y":-0.01315334439277649,"z":0.0009738982771523297,"w":0.9971942901611328},"size":1218.032958984375,"orthographic":false}