{"cameraMode":{"drawMode":0,"name":"Shaded","section":"Shading Mode"},"sceneLighting":false,"audioPlay":false,"sceneViewState":{"showFog":false,"showMaterialUpdate":false,"showSkybox":false,"showFlares":false,"showImageEffects":false,"showParticleSystems":true},"in2DMode":false,"pivot":{"x":609.9844360351563,"y":288.3712463378906,"z":8.317869186401368},"rotation":{"x":0.02279939316213131,"y":-0.02667984552681446,"z":0.0006096437573432922,"w":0.999389111995697},"size":48.586544036865237,"orthographic":false}