{"cameraMode":{"drawMode":0,"name":"Shaded","section":"Shading Mode"},"sceneLighting":false,"audioPlay":false,"sceneViewState":{"showFog":false,"showMaterialUpdate":false,"showSkybox":false,"showFlares":false,"showImageEffects":false,"showParticleSystems":true},"in2DMode":false,"pivot":{"x":208.70751953125,"y":415.18890380859377,"z":-7.472564697265625},"rotation":{"x":0.08121993392705918,"y":-0.0026806017849594356,"z":0.00021872521028853953,"w":0.9966952204704285},"size":627.0130004882813,"orthographic":false}