{"cameraMode":{"drawMode":0,"name":"Shaded","section":"Shading Mode"},"sceneLighting":false,"audioPlay":false,"sceneViewState":{"showFog":false,"showMaterialUpdate":false,"showSkybox":false,"showFlares":false,"showImageEffects":false,"showParticleSystems":true},"in2DMode":false,"pivot":{"x":702.7327270507813,"y":397.9158630371094,"z":9.676048278808594},"rotation":{"x":0.05636851117014885,"y":-0.0029954041820019485,"z":0.00016958419291768223,"w":0.9984130859375},"size":155.6020050048828,"orthographic":false}