{"cameraMode":{"drawMode":0,"name":"Shaded","section":"Shading Mode"},"sceneLighting":false,"audioPlay":false,"sceneViewState":{"showFog":false,"showMaterialUpdate":false,"showSkybox":false,"showFlares":false,"showImageEffects":false,"showParticleSystems":true},"in2DMode":false,"pivot":{"x":304.0330810546875,"y":243.10667419433595,"z":-15.76031494140625},"rotation":{"x":0.011396517977118492,"y":0.016498155891895295,"z":-0.0001877581380540505,"w":0.9998041987419128},"size":15.938458442687989,"orthographic":false}