{"cameraMode":{"drawMode":0,"name":"Shaded","section":"Shading Mode"},"sceneLighting":true,"audioPlay":false,"sceneViewState":{"showFog":false,"showMaterialUpdate":false,"showSkybox":false,"showFlares":false,"showImageEffects":false,"showParticleSystems":true},"in2DMode":false,"pivot":{"x":274.4051208496094,"y":316.7948303222656,"z":-10.33099365234375},"rotation":{"x":0.022798452526330949,"y":-0.028178898617625238,"z":0.0006438421551138163,"w":0.999347984790802},"size":813.6439208984375,"orthographic":false}