{"cameraMode":{"drawMode":0,"name":"Shaded","section":"Shading Mode"},"sceneLighting":true,"audioPlay":false,"sceneViewState":{"showFog":false,"showMaterialUpdate":false,"showSkybox":false,"showFlares":false,"showImageEffects":false,"showParticleSystems":true},"in2DMode":false,"pivot":{"x":715.9519653320313,"y":282.7856140136719,"z":13.72296142578125},"rotation":{"x":0.02279939316213131,"y":-0.02667984552681446,"z":0.0006096437573432922,"w":0.999389111995697},"size":709.5507202148438,"orthographic":false}