{"cameraMode":{"drawMode":0,"name":"Shaded","section":"Shading Mode"},"sceneLighting":false,"audioPlay":false,"sceneViewState":{"showFog":false,"showMaterialUpdate":false,"showSkybox":false,"showFlares":false,"showImageEffects":false,"showParticleSystems":true},"in2DMode":false,"pivot":{"x":448.1578369140625,"y":374.4953918457031,"z":-4.717071533203125},"rotation":{"x":0.05636851117014885,"y":-0.0029954041820019485,"z":0.00016958419291768223,"w":0.9984130859375},"size":201.77593994140626,"orthographic":false}