{"cameraMode":{"drawMode":0,"name":"Shaded","section":"Shading Mode"},"sceneLighting":true,"audioPlay":false,"sceneViewState":{"showFog":false,"showMaterialUpdate":false,"showSkybox":false,"showFlares":false,"showImageEffects":false,"showParticleSystems":true},"in2DMode":false,"pivot":{"x":446.3591613769531,"y":343.2597351074219,"z":8.3453369140625},"rotation":{"x":0.011396517977118492,"y":0.016498155891895295,"z":-0.0001877581380540505,"w":0.9998041987419128},"size":952.3983764648438,"orthographic":false}