{"cameraMode":{"drawMode":0,"name":"Shaded","section":"Shading Mode"},"sceneLighting":true,"audioPlay":false,"sceneViewState":{"showFog":false,"showMaterialUpdate":false,"showSkybox":false,"showFlares":false,"showImageEffects":false,"showParticleSystems":true},"in2DMode":false,"pivot":{"x":967.78662109375,"y":409.0758056640625,"z":24.497520446777345},"rotation":{"x":0.013802274130284787,"y":-0.03118184208869934,"z":0.00043198111234232783,"w":0.9994229674339294},"size":165.40444946289063,"orthographic":false}