{"cameraMode":{"drawMode":0,"name":"Shaded","section":"Shading Mode"},"sceneLighting":false,"audioPlay":false,"sceneViewState":{"showFog":false,"showMaterialUpdate":false,"showSkybox":false,"showFlares":false,"showImageEffects":false,"showParticleSystems":true},"in2DMode":false,"pivot":{"x":598.4398803710938,"y":403.97991943359377,"z":-33.61732482910156},"rotation":{"x":0.013806060887873173,"y":-0.020686335861682893,"z":0.0002871049800887704,"w":0.9996960759162903},"size":118.76023864746094,"orthographic":false}