{"cameraMode":{"drawMode":0,"name":"Shaded","section":"Shading Mode"},"sceneLighting":true,"audioPlay":false,"sceneViewState":{"showFog":false,"showMaterialUpdate":false,"showSkybox":false,"showFlares":false,"showImageEffects":false,"showParticleSystems":true},"in2DMode":false,"pivot":{"x":313.6748046875,"y":237.6397705078125,"z":-21.64678955078125},"rotation":{"x":0.05187050625681877,"y":-0.013481584377586842,"z":0.0007006006198935211,"w":0.9985678791999817},"size":724.887451171875,"orthographic":false}