{"cameraMode":{"drawMode":0,"name":"Shaded","section":"Shading Mode"},"sceneLighting":false,"audioPlay":false,"sceneViewState":{"showFog":false,"showMaterialUpdate":false,"showSkybox":false,"showFlares":false,"showImageEffects":false,"showParticleSystems":true},"in2DMode":false,"pivot":{"x":550.2396240234375,"y":409.4718017578125,"z":0.04587554931640625},"rotation":{"x":-0.000601763604208827,"y":-0.00750011345371604,"z":-0.000004120169251109473,"w":0.9999810457229614},"size":163.21632385253907,"orthographic":false}