{"cameraMode":{"drawMode":0,"name":"Shaded","section":"Shading Mode"},"sceneLighting":false,"audioPlay":false,"sceneViewState":{"showFog":false,"showMaterialUpdate":false,"showSkybox":false,"showFlares":false,"showImageEffects":false,"showParticleSystems":true},"in2DMode":false,"pivot":{"x":174.25802612304688,"y":590.7884521484375,"z":62.416656494140628},"rotation":{"x":-0.03716982156038284,"y":0.025789767503738405,"z":0.0009607912506908178,"w":0.9989814162254334},"size":255.86241149902345,"orthographic":false}