{"cameraMode":{"drawMode":0,"name":"Shaded","section":"Shading Mode"},"sceneLighting":false,"audioPlay":false,"sceneViewState":{"showFog":false,"showMaterialUpdate":false,"showSkybox":false,"showFlares":false,"showImageEffects":false,"showParticleSystems":true},"in2DMode":false,"pivot":{"x":569.0230712890625,"y":354.8312683105469,"z":-2.85589599609375},"rotation":{"x":0.05187050625681877,"y":-0.013481584377586842,"z":0.0007006006198935211,"w":0.9985678791999817},"size":161.94581604003907,"orthographic":false}