{"cameraMode":{"drawMode":0,"name":"Shaded","section":"Shading Mode"},"sceneLighting":true,"audioPlay":false,"sceneViewState":{"showFog":false,"showMaterialUpdate":false,"showSkybox":false,"showFlares":false,"showImageEffects":false,"showParticleSystems":true},"in2DMode":false,"pivot":{"x":3.8759922981262209,"y":-0.5485478639602661,"z":-5.412092685699463},"rotation":{"x":0.054150406271219257,"y":-0.9019836783409119,"z":0.11866598576307297,"w":0.41160354018211367},"size":6.477227687835693,"orthographic":false}