{"cameraMode":{"drawMode":0,"name":"Shaded","section":"Shading Mode"},"sceneLighting":true,"audioPlay":false,"sceneViewState":{"showFog":false,"showMaterialUpdate":false,"showSkybox":false,"showFlares":false,"showImageEffects":false,"showParticleSystems":true},"in2DMode":false,"pivot":{"x":550.0479736328125,"y":415.2307434082031,"z":9.721405029296875},"rotation":{"x":0.022798452526330949,"y":-0.028178898617625238,"z":0.0006438421551138163,"w":0.999347984790802},"size":680.5148315429688,"orthographic":false}